title,enrolled,rating,num_reviews,Instructor,Organization,Skills,Description,Modules/Courses,Level,Schedule,URL,Satisfaction Rate,enrolled_num,rating_num,satisfaction_rate_num,audit_reason
Six Sigma Principles,,,,"David Cook, PhD",Kennesaw State University,,"This course is for you if you are looking to learn more about Six Sigma or refresh your knowledge of the basic components of Six Sigma and Lean. Six Sigma skills are widely sought by employers both nationally and internationally. These skills have been proven to help improve business processes and performance. This course will introduce you to the purpose of Six Sigma and its value to an organization. You will learn about the basic principles of Six Sigma and Lean. Your instructors will introduce you to, and have you apply, some of the tools and metrics that are critical components of Six Sigma. This course will provide you with the basic knowledge of the principles, roles, and responsibilities of Six Sigma and Lean. Every module will include readings, videos, and a quiz to help make sure you understand the material and concepts that are studied. You will also have the opportunity to participate in discussions and peer review exercises to give you the opportunity to apply the material to your daily life.

Our applied curriculum is built around the latest handbook The Certified Six Sigma Handbook (2nd edition) and students will develop /learn the fundamentals of Six Sigma. Registration includes online access to course content, projects, and resources but does not include the companion text The Certified Six Sigma Handbook (2nd edition). The companion text is not required to complete the assignments. However, the text is a recognized handbook used by professionals in the field. Also, it is a highly recommended text for those wishing to move forward in Six Sigma and eventually gain certification from professional agencies such as American Society for Quality (ASQ). Welcome to the Six Sigma Yellow Belt Specialization! Six Sigma skills are widely sought by employers both nationally and internationally. These skills help to improve business processes and performance. Your team of instructors, Dr. Bill Bailey, Dr. David Cook, Dr. Christine Scherrer, and Dr. Gregory Wiles, currently work in the College of Engineering and Engineering Technology at Kennesaw State University. They have collaborated to create a specialization that is all encompassing of the Six Sigma methodologies for both Yellow and Green belt. Completion of this specialization will provide you with the knowledge to either continue to full Six Sigma certification or simply advance your knowledge professionally. In this module you will be introduced to the foundations of Six Sigma, the purpose of lean, and the value to the organization as a whole. 11 videos1 reading4 assignments In this module Dr. Bill Bailey will introduce you to the different types of quality tools as well as important Six Sigma metrics that can be used throughout the DMAIC process. Quality tools and metrics are a critical tool for process improvement. This module will introduce you to some of the most common quality tools as well as the most important Six Sigma metrics. 10 videos1 assignment2 peer reviews Teamwork is an essential component of successful quality improvement work. Many successful organizations have leaders who work in teams. In this module you will learn about why teams are so important to the Six Sigma process, the different types of teams and their different objectives, the different stages of team development, decision making methods for use in teams, and team communication methods. 6 videos2 assignments1 discussion prompt In this module you will be introduced to the purpose of lean and its methodologies. You will learn about the value of lean to an organization. This module will build off of what you have learned in the previous modules and help you to better understand how to better serve customers. 8 videos2 assignments1 discussion prompt",4 modules,Beginner level,9 hours to complete (3 weeks at 3 hours a week),https://www.coursera.org/learn/six-sigma-principles2,,,,,same normalized title and organization; retained because URL is distinct
"Flutter and Dart: Developing iOS, Android, and Mobile Apps",,,,IBM Skills Network Team,IBM,"['IOS Applications', 'Software Development', 'Android Apps']","“Flutter is the most popular cross-platform mobile framework used by global developers.” (Statista). This course, part of the IBM iOS and Android Mobile App Developer Professional Certificate, gives aspiring mobile app developers essential skills employers look for. During this course, you’ll learn about the Flutter framework and the features that make it a popular tool for building Android and iOS mobile applications. You’ll explore Flutter’s widgets, how to use stateful and stateless widgets, and how to create cross-platform user interfaces (UIs). You’ll learn about Dart, the programming language for Flutter, how it works, and its libraries. 

As you learn, you’ll get hands-on experience, creating your own basic Flutter app. You’ll explore Flutter’s advanced features, such as using plugins, managing state, and calling APIs.

If you’re looking to build in-demand skills in the world’s most popular cross-platform mobile app framework, ENROLL TODAY and power up your resume in less than a month! In this module, you will gain a comprehensive understanding of Flutter’s components. You will explore Flutter’s cross-platform capabilities and how they work together to create efficient and visually appealing apps. The module will also delve into the Flutter Toolchain, SDK, and essential utilities, providing you with the necessary tools for building and debugging your Flutter apps. You’ll also learn the significance of Dart, the programming language that powers Flutter, and its role in creating robust and scalable applications. 8 videos2 readings2 assignments1 app item2 plugins Dart provides the language for building across platforms. In this module, you will gain insights into Dart, how it works, and how to use Dart libraries. Additionally, you will also learn how to use the Dart command line and utilities. Finally, you will edit and perform a simple debug using Dart. 7 videos1 reading3 assignments3 app items2 plugins Flutter is used to create the user interface experience when using an app. In this module, learners will see how to create the user experience through orientation, layout, routing between screens and styles. Finally, learners will create a basic Flutter app. 8 videos1 reading3 assignments2 app items1 plugin Flutter’s advanced features provide developers with enhanced ability to create complex and successful apps. In this module, you will learn to use plugins, manage state, call APIs using Flutter. You will also apply your skills and knowledge to build an app that includes back-end services with advanced capabilities and functionality. 8 videos1 reading3 assignments3 app items2 plugins In this final project, you will create a basic app using Flutter. You will also add navigation and enrich the app using Flutter components, connect the app to a database using APIs, and then simulate the execution of the app. 1 video4 readings1 peer review2 app items",5 modules,Beginner level,17 hours to complete (3 weeks at 5 hours a week),https://www.coursera.org/learn/flutter-and-dart-developing-ios-android-mobile-apps,,,,,same normalized title and organization; retained because URL is distinct
HEALTHY URBAN SYSTEMS - PART 3 : Design and policies,,,,Prof. Céline Rozenblat,University of Lausanne,,"This MOOC is the third part (out of three parts) of the whole MOOC on Healthy Urban Systems. This PART III is very recommended (but not obliged) to take after the PART I and PART II. Once you understood the main concepts and visions of Urban Health, and the best practices of observation in PART I, the theories and models in PART II, you are better prepared to take this PART III on Design and policies. This PART III lasts 4 weeks, comprising two modules of 2 weeks each. The number of credits is 2 ECTS. To obtain these credits, you should achieve all the statements required each week. The final elaboration of a policy design and Health Impact assessment on your proper urban health question, will be specifically evaluated. 1 video3 readings 6 videos2 readings1 assignment 4 videos2 readings1 assignment Week 3 : Policies and governance 6 videos2 readings1 assignment 5 videos2 readings1 assignment",5 modules,Intermediate level,6 hours to complete (3 weeks at 2 hours a week),https://www.coursera.org/learn/healthy-urban-health-systems-3,,,,,same normalized title and organization; retained because URL is distinct
Systems and Application Security,,,,ISC2 Education & Training,ISC2,"['Information Systems Security', 'Information Security (INFOSEC)', 'Application Security']","Course 7 -  Systems and Application Security This is the seventh course under the specialization SSCP.

This course discusses two major changes in recent years to how we use our data: going mobile and using the cloud. First, we use our data on the go by means of data services provided to our mobile phones, Wi-Fi, and other devices. Second, so many of the enhanced functions we take for granted in our daily personal and professional lives are made possible by cloud services, where our data is stored or processed.  

Course 7 Learning Objectives

After completing this course, the participant will be able to:  

- Classify different types of malware.  
- Determine how to implement malware countermeasures.  
- Identify various types of malicious activities.   
- Develop strategies for mitigating malicious activities.   
- Describe various social engineering methods used by attackers.   
- Explain the role of behavior analytics technologies in detecting and mitigating threats.   
- Explain the role and functionality of host-based intrusion prevention system (HIPS), host-based intrusion detection system (HIDS), and host-based firewalls.   
- Evaluate the benefits of application whitelisting in endpoint device security.   
- Explain the concept of endpoint encryption and its role in endpoint security.   
- Describe the role and functionality of Trusted Platform Module (TPM) technology in providing hardware-based security features.   
- Identify the steps in implementing secure browsing practices using digital certificates and secure communication protocols.   
- Explain the concept of endpoint detection and response (EDR) and its role in providing real-time monitoring, detection, investigation, and response capabilities to identify and mitigate advanced threats and security incidents on endpoint devices.   
- Identify provisioning techniques for mobile devices.   
- Explain the concept of containerization and how it contributes to effective mobile device management.   
- Explain how encryption contributes to effective mobile device management.   
- Describe the process of Mobile Application Management (MAM) to effectively manage the life cycle of mobile applications.   
- Distinguish among public, private, hybrid, and community deployment models in cloud security.   
- Distinguish among various service models and their impact on cloud security practices.   
- Describe virtualization technologies and their role in maintaining cloud security.   
- Identify legal and regulatory concerns related to cloud security.   
- Determine strategies to implement data storage, processing, and transmission while maintaining cloud security.   
- Explain the requirements and considerations associated with third-party services and outsourcing in cloud storage.   
- Explain the concept of the shared responsibility model in cloud storage.   
- Identify steps to manage and secure hypervisor environments.   
- Explain how to deploy, configure, and maintain virtual appliances within virtualized environments.   
- Determine the process for managing containerized environments.   
- Describe the best practices of storage management in virtualized environments.   
- Develop strategies for ensuring business continuity and resilience in virtualized environments.   
- Analyze potential threats and attacks targeting virtual environments. 

Who Should Take This Course: Beginners
Experience Required: No prior experience required This course discusses two major changes in recent years to how we use our data: going mobile and using the cloud. First, we use our data on the go by means of data services provided to our mobile phones, Wi-Fi, and other devices. Second, so many of the enhanced functions we take for granted in our daily personal and professional lives are made possible by cloud services, where our data is stored or processed.  

Both of those transformations are complex topics. However, from our perspective as security professionals, we can apply the security fundamentals we learn to help us better secure the data through the technologies, systems, and services we use. 10 videos55 readings25 assignments",1 module,Beginner level,10 hours to complete (3 weeks at 3 hours a week),https://www.coursera.org/learn/systems-and-application-security,,,,,same normalized title and organization; retained because URL is distinct
HEALTHY URBAN SYSTEMS - PART 3 : Design and policies,,,,Prof. Céline Rozenblat,University of Lausanne,,"This MOOC is the third part (out of three parts) of the whole MOOC on Healthy Urban Systems. This PART III is very recommended (but not obliged) to take after the PART I and PART II. Once you understood the main concepts and visions of Urban Health, and the best practices of observation in PART I, the theories and models in PART II, you are better prepared to take this PART III on Design and policies. This PART III lasts 4 weeks, comprising two modules of 2 weeks each. The number of credits is 2 ECTS. To obtain these credits, you should achieve all the statements required each week. The final elaboration of a policy design and Health Impact assessment on your proper urban health question, will be specifically evaluated. 1 video3 readings 6 videos2 readings1 quiz 4 videos2 readings1 quiz Week 3 : Policies and governance 6 videos2 readings1 quiz 5 videos2 readings1 quiz",5 modules,Intermediate level,6 hours to complete (3 weeks at 2 hours a week),https://www.coursera.org/learn/healthy-urban-health-systems-03,,,,,same normalized title and organization; retained because URL is distinct
"Flutter and Dart: Developing iOS, Android, and Mobile Apps",,,,IBM Skills Network Team,IBM,"['Software Development', 'Android Apps', 'Flutter and Dart', 'iOS Apps', 'Mobile App Development']","“Flutter is the most popular cross-platform mobile framework used by global developers.” (Statista). This course, part of the IBM iOS and Android Mobile App Developer Professional Certificate, gives aspiring mobile app developers essential skills employers look for. During this course, you’ll learn about the Flutter framework and the features that make it a popular tool for building Android and iOS mobile applications. You’ll explore Flutter’s widgets, how to use stateful and stateless widgets, and how to create cross-platform user interfaces (UIs). You’ll learn about Dart, the programming language for Flutter, how it works, and its libraries. 

As you learn, you’ll get hands-on experience, creating your own basic Flutter app. You’ll explore Flutter’s advanced features, such as using plugins, managing state, and calling APIs.

If you’re looking to build in-demand skills in the world’s most popular cross-platform mobile app framework, ENROLL TODAY and power up your resume in less than a month! In this module, you will gain a comprehensive understanding of Flutter’s components. You will explore Flutter’s cross-platform capabilities and how they work together to create efficient and visually appealing apps. The module will also delve into the Flutter Toolchain, SDK, and essential utilities, providing you with the necessary tools for building and debugging your Flutter apps. You’ll also learn the significance of Dart, the programming language that powers Flutter, and its role in creating robust and scalable applications. 8 videos2 readings2 assignments1 app item2 plugins Dart provides the language for building across platforms. In this module, you will gain insights into Dart, how it works, and how to use Dart libraries. Additionally, you will also learn how to use the Dart command line and utilities. Finally, you will edit and perform a simple debug using Dart. 7 videos1 reading3 assignments3 app items2 plugins Flutter is used to create the user interface experience when using an app. In this module, learners will see how to create the user experience through orientation, layout, routing between screens and styles. Finally, learners will create a basic Flutter app. 8 videos1 reading3 assignments2 app items1 plugin Flutter’s advanced features provide developers with enhanced ability to create complex and successful apps. In this module, you will learn to use plugins, manage state, call APIs using Flutter. You will also apply your skills and knowledge to build an app that includes back-end services with advanced capabilities and functionality. 8 videos1 reading3 assignments3 app items2 plugins In this final project, you will create a basic app using Flutter. You will also add navigation and enrich the app using Flutter components, connect the app to a database using APIs, and then simulate the execution of the app. 1 video4 readings1 peer review2 app items",5 modules,Beginner level,17 hours to complete (3 weeks at 5 hours a week),https://www.coursera.org/learn/flutter-and-dart-developing-ios-android-and-mobile-apps-2,,,,,same normalized title and organization; retained because URL is distinct
"Healthy Urban systems Part 2 : Theories, models and tools",,,,Prof. Céline Rozenblat,University of Lausanne,"['Frameworks, theories, and models', 'Implementation of concrete projects', 'Cognitive processes: Dissonance and mismatch', 'Complex systems', 'Holistic Systems Modeling']","This MOOC is the second part (out of three parts) of the whole MOOC on Healthy Urban Systems. These PART II is very recommended (but not obliged) to take after the PART I and before the PART III. Once you understood the main concepts and visions of Urban Health, and the best practices of observation in PART I, you are ready to think about theories and to practice models for this PART II. This PART II lasts 4 weeks, comprising two modules of 2 weeks each. The number of credits is 2 ECTS. To obtain these credits, you should achieve all the statements required each week. The final elaboration of a model (in the Holistic System Analysis & Modelling© software) on your proper urban health question, will be specifically evaluated. 1 video5 readings 5 videos2 readings1 assignment1 peer review 6 videos2 readings1 assignment1 peer review 7 videos2 readings1 assignment1 peer review 6 videos3 readings1 assignment1 peer review",5 modules,Intermediate level,10 hours to complete (3 weeks at 3 hours a week),https://www.coursera.org/learn/healthy-urban-systems-2,,,,,same normalized title and organization; retained because URL is distinct
"HEALTHY URBAN SYSTEMS - PART 2 : Theories, models and tools",,,,Prof. Céline Rozenblat,University of Lausanne,,"This MOOC is the second part (out of three parts) of the whole MOOC on Healthy Urban Systems. These PART II is very recommended (but not obliged) to take after the PART I and before the PART III. Once you understood the main concepts and visions of Urban Health, and the best practices of observation in PART I, you are ready to think about theories and to practice models for this PART II. This PART II lasts 4 weeks, comprising two modules of 2 weeks each. The number of credits is 2 ECTS. To obtain these credits, you should achieve all the statements required each week. The final elaboration of a model (in the Holistic System Analysis & Modelling© software) on your proper urban health question, will be specifically evaluated. 1 video5 readings 5 videos2 readings1 assignment 6 videos2 readings1 assignment 7 videos2 readings1 assignment 6 videos3 readings1 assignment",5 modules,Intermediate level,6 hours to complete (3 weeks at 2 hours a week),https://www.coursera.org/learn/healthy-urban-systems-02,,,,,same normalized title and organization; retained because URL is distinct
Systems and Application Security,"5,420",4.8,155.0,ISC2 Education & Training,ISC2,,"Welcome to Systems and Application Security Course! In the Systems and Application Security Course, you will gain an understanding of computer code that can be described as harmful or malicious. Both technical and non-technical attacks will be discussed. You will learn how an organization can protect itself from these attacks. You will learn concepts in endpoint device security, cloud infrastructure security, securing big data systems, and securing virtual environments.
Objectives
1. Identify malicious code activity
2. Describe malicious code and the various countermeasures
3. Describe the processes for operating endpoint device security
4. Define mobile device management processes
5. Describe the process for configuring cloud security
6. Explain the process for securing big data systems
7. Summarize the process for securing virtual environments Module Topics: Malicious Code, Malicious Code Countermeasures, Exploitation, Insider Threats, Spoofing, Phishing, Spam, and Botnet, Malicious Web Activity, Payloads, Malicious Activity Countermeasures, Malcode Mitigation, and Common Mistakes. Malicious Code includes topics like Key concepts, Example Worms, Polymorphic Viruses, Software Exploitation Methods, Scanners, Generations of Antivirus Scanning Software,  Generic Decryption (GD) Technology, Behavior-Blocking Software, Antivirus Software on the Firewall and IDS, Code signing, Code Signing Certificates, Sandboxing, Virtual Machine (VM), Social Engineering, Additional Examples of Social Engineering Attacks, and Security Awareness Training. Under the topic of Exploitation, you will learn about Long File Extensions, Fake Icon, Hostile Codecs, and E-mail. In Insider Threats, you will learn about Indicators of Malicious Threat Activity, Countermeasures, Direction, Prevention, and Deterrence Methods, Continual Training, and Insider Hardware Threats. In Spoofing, Phishing, Spam, and Botnets, you will learn about Spoofing, Examples of Spoofing, Phishing, Common Characteristics of Forged E-Mail Messages, Techniques, How Phishing Works, Impact of Phishing, How to Recognize a Phishing E-Mail, Spam, Spam Distribution Channels, How Does Spam Work?, Spam Techniques, Protecting users From Spam, Botnets, How Are Botnets Created?, Botnet-Led Exploits, Botnet Detection and Mitigation, Common Botnet Detection and Mitigation Techniques. In Malicious Web Activity, you will go through topics like Mobomarket Attack, Cross-site Scripting (XSS) Attacks, The Theory of XSS, XSS Attack Vectors, Is the Organization's Site Vulnerable to Cross-Site Scripting? Example of a Cross-Site Scripting Attack, How to check for Cross-Site Scripting Vulnerabilities, Zero-Day Exploits and Advanced Persistent Threats (APTS), Unknown Vulnerabilities management Process, Five Phases of APT, Brute-Force Attacks, Instant Messaging, Infected Factory Builds and Media, man-in-the-Middle Malcode, Malicious Activity Countermeasures, Network Layer, Application Layer, Modified Hosts File and DNS Changes, Inspection of Process, Rootkit, Rootkit Classifications, Behavioral Analysis of Malcode, and Static File Analysis. 18 videos18 readings1 assignment1 discussion prompt Module Topics: Host-Based Intrusion Detection Systems (HIDS), Host-Based Firewalls, Application Whitelisting, Endpoint Encryption, Trusted Platform Module (TPM), Mobile Device Management (MDM), Secure Browsing. In Host-Based Intrusion Detection Systems (HIDS), you will learn about Advantages and Disadvantages of HIDS. In Application Whitelisting, you will learn about software Restriction Policies (SRP), Trusted Platform Module (TPM). In Mobile Device Management (MDM), you will learn about Bring your Own Device (BYOD), Security, BYOD Policy Considerations, BYOD Policy Considerations, Corporate Owned, Personally Enabled (COPE), and Secure Browsing. 3 videos3 readings1 assignment Module Topics: Introduction, Deployment Models, Service Models, Virtualization, Legal and Privacy Concerns, Classification of Discovered Sensitive Data, Mapping and Definition of Controls, Application of Defined Controls for Personally Identifiable Information (PII), Data Storage and Transmission, Encryption, Key Management, Masking/Obfuscation and Anonymization, Tokenization, Data Deletion Procedures and Mechanisms, Event Sources, Data Event Logging and Event Attributes, and Storage and Analysis of Data Events. Introduction covers the Five Essential Characteristics of Clouds. Deployment Models cover topics like Public, Private, Hybrid and Community Cloud, Service Models, SaaS, PaaS, and IaaS. Virtualization includes Hypervisor, and Types of Virtualization. In Legal and Privacy Concerns, you will learn about Key P&DP Questions, Country-Specific Legal Considerations, Jurisdiction and Applicable Law, Essential Requirements in P&DP Laws, Typical Meaning for Common Privacy Terms, Privacy Roles for Customer and Service Provider, Data Discovery, and Privacy Level Agreement (PLA). In Application of Defined Controls for Personally Identifiable Information (PII), you will learn about Cloud security Alliance Cloud Controls Matrix (CCM), CCM Security Domains, Data Dispersion in Cloud Storage, Threat to storage Types, Technologies Available to Address Threats, Data Loss Prevention (DLP), DLP Components, DLP Architecture, Cloud-Based DLP Considerations, and Best Practices. In Encryption, you will learn about Sample Use cases for Encryption, Cloud Encryption Challenges, Key Management, Key Storage in the Cloud, and Key Management in Software environments. In Masking/Obfuscation and Anonymization, you will learn about Data Masking/Obfuscation, Common Approaches for Data Masking, Primary Methods of Masking Data, and Data Anonymization. Tockenization covers topics like Tokenization and Cloud, Data Retention Policies, Data Deletion Procedures and Mechanisms, Disposal Options, Crypto-shredding, Data Archiving Policy, Security and Information Event Management (SIEM). Data Event Logging and Event Attributes covers topics like OWASP Recommendations, SIEM Capabilities, and SIEM Challenges. 16 videos16 readings1 assignment1 discussion prompt Module Topics for Secure Big Data Systems: Application Vulnerabilities and Architecture or Design Environments. Application Vulnerabilities include topics like Data Growth, Big Data, Interpreting Big, Data, Big Data Issues, and Challenges with 'Free' Analytic Tools. Architectural or Design Environments include topics like Distributed Computing Architectures, Key Challenges, Securing the Organization's Big Data, and Deploying Big Data for Security. Module Topics for Operate and Secure Virtual Environments: Software-Defined Network (SDN), Virtual Appliances, Continuity and Resilience, Attacks and Countermeasures, Common Virtualization Attacks, Recommendations and Best Practices for Secure Virtualization, and Shared Storage. In Software-Defined network (SDN), you will learn about How SDN Works. Virtual Appliances talks about Virtual Appliances Compared to Virtual Machines. In Continuity and Resilience you will learn about Host Clustering Concepts, VMware Distributed Resource Scheduling (DRS), Scalability and Reliability, windows Failover Clustering. In Common Virtualization Attacks, you will learn about Mitigation Strategies. In Recommendations and Best Practices for Secure Virtualization you will learn about Desktop Virtualization and Security, Network Security, Storage Networks, Auditing and Logging, Virtual Machine Security, Management Systems, Hypervisor Security, Time Synchronization, Remote Access, Backups, and Configuration and Change Management. 9 videos9 readings1 assignment1 discussion prompt 1 peer review 1 assignment",6 modules,Beginner level,,https://www.coursera.org/learn/systems-application-security-sscp,98%,5420.0,4.8,98.0,same normalized title and organization; retained because URL is distinct
Six Sigma Principles,"183,630",4.7,7894.0,"David Cook, PhD",Kennesaw State University,"['Lean Six Sigma', 'Process Improvement', 'Six Sigma', 'Lean Methods']","This course is for you if you are looking to learn more about Six Sigma or refresh your knowledge of the basic components of Six Sigma and Lean. Six Sigma skills are widely sought by employers both nationally and internationally. These skills have been proven to help improve business processes and performance. This course will introduce you to the purpose of Six Sigma and its value to an organization. You will learn about the basic principles of Six Sigma and Lean. Your instructors will introduce you to, and have you apply, some of the tools and metrics that are critical components of Six Sigma. This course will provide you with the basic knowledge of the principles, roles, and responsibilities of Six Sigma and Lean. Every module will include readings, videos, and a quiz to help make sure you understand the material and concepts that are studied. You will also have the opportunity to participate in discussions and peer review exercises to give you the opportunity to apply the material to your daily life.

Our applied curriculum is built around the latest handbook The Certified Six Sigma Handbook (2nd edition) and students will develop /learn the fundamentals of Six Sigma. Registration includes online access to course content, projects, and resources but does not include the companion text The Certified Six Sigma Handbook (2nd edition). The companion text is not required to complete the assignments. However, the text is a recognized handbook used by professionals in the field. Also, it is a highly recommended text for those wishing to move forward in Six Sigma and eventually gain certification from professional agencies such as American Society for Quality (ASQ). Welcome to the Six Sigma Yellow Belt Specialization! Six Sigma skills are widely sought by employers both nationally and internationally. These skills help to improve business processes and performance. Your team of instructors, Dr. Bill Bailey, Dr. David Cook, Dr. Christine Scherrer, and Dr. Gregory Wiles, currently work in the College of Engineering and Engineering Technology at Kennesaw State University. They have collaborated to create a specialization that is all encompassing of the Six Sigma methodologies for both Yellow and Green belt. Completion of this specialization will provide you with the knowledge to either continue to full Six Sigma certification or simply advance your knowledge professionally. In this module you will be introduced to the foundations of Six Sigma, the purpose of lean, and the value to the organization as a whole. 11 videos4 readings4 assignments In this module Dr. Bill Bailey will introduce you to the different types of quality tools as well as important Six Sigma metrics that can be used throughout the DMAIC process. Quality tools and metrics are a critical tool for process improvement. This module will introduce you to some of the most common quality tools as well as the most important Six Sigma metrics. 10 videos5 readings1 assignment2 peer reviews Teamwork is an essential component of successful quality improvement work. Many successful organizations have leaders who work in teams. In this module you will learn about why teams are so important to the Six Sigma process, the different types of teams and their different objectives, the different stages of team development, decision making methods for use in teams, and team communication methods. 6 videos4 readings2 assignments1 discussion prompt In this module you will be introduced to the purpose of lean and its methodologies. You will learn about the value of lean to an organization. This module will build off of what you have learned in the previous modules and help you to better understand how to better serve customers. 6 videos6 readings2 assignments1 discussion prompt",4 modules,Beginner level,,https://www.coursera.org/learn/six-sigma-principles,94%,183630.0,4.7,94.0,same normalized title and organization; retained because URL is distinct
