Organization,organization_hq_country,mapping_method,mapping_verification_status,mapping_source,mapping_note
Adobe,United States,manual_headquarters_mapping,requires_per_organization_citation,,"Country represents organization headquarters, not learner location."
Advancing Women in Tech,United States,manual_headquarters_mapping,requires_per_organization_citation,,"Country represents organization headquarters, not learner location."
"Akamai Technologies, Inc.",United States,manual_headquarters_mapping,requires_per_organization_citation,,"Country represents organization headquarters, not learner location."
Alberta Machine Intelligence Institute,Canada,manual_headquarters_mapping,requires_per_organization_citation,,"Country represents organization headquarters, not learner location."
Alibaba Cloud Academy,China,manual_headquarters_mapping,requires_per_organization_citation,,"Country represents organization headquarters, not learner location."
Amazon,United States,manual_headquarters_mapping,requires_per_organization_citation,,"Country represents organization headquarters, not learner location."
Amazon Ads,United States,manual_headquarters_mapping,requires_per_organization_citation,,"Country represents organization headquarters, not learner location."
Amazon Web Services,United States,manual_headquarters_mapping,requires_per_organization_citation,,"Country represents organization headquarters, not learner location."
American Council on Exercise,United States,manual_headquarters_mapping,requires_per_organization_citation,,"Country represents organization headquarters, not learner location."
American Museum of Natural History,United States,manual_headquarters_mapping,requires_per_organization_citation,,"Country represents organization headquarters, not learner location."
American Psychological Association,United States,manual_headquarters_mapping,requires_per_organization_citation,,"Country represents organization headquarters, not learner location."
Aptly,United States,manual_headquarters_mapping,requires_per_organization_citation,,"Country represents organization headquarters, not learner location."
Arizona State University,United States,manual_headquarters_mapping,requires_per_organization_citation,,"Country represents organization headquarters, not learner location."
Arm,United Kingdom,manual_headquarters_mapping,requires_per_organization_citation,,"Country represents organization headquarters, not learner location."
Association of International Certified Professional Accountants,United States,manual_headquarters_mapping,requires_per_organization_citation,,"Country represents organization headquarters, not learner location."
Atlassian,Australia,manual_headquarters_mapping,requires_per_organization_citation,,"Country represents organization headquarters, not learner location."
Autodesk,United States,manual_headquarters_mapping,requires_per_organization_citation,,"Country represents organization headquarters, not learner location."
"Automatic Data Processing, Inc. (ADP)",United States,manual_headquarters_mapping,requires_per_organization_citation,,"Country represents organization headquarters, not learner location."
Automation Anywhere,United States,manual_headquarters_mapping,requires_per_organization_citation,,"Country represents organization headquarters, not learner location."
Ball State University,United States,manual_headquarters_mapping,requires_per_organization_citation,,"Country represents organization headquarters, not learner location."
Banco Interamericano de Desarrollo,United States,manual_headquarters_mapping,requires_per_organization_citation,,"Country represents organization headquarters, not learner location."
Berklee,United States,manual_headquarters_mapping,requires_per_organization_citation,,"Country represents organization headquarters, not learner location."
Big Interview,United States,manual_headquarters_mapping,requires_per_organization_citation,,"Country represents organization headquarters, not learner location."
"Birla Institute of Technology & Science, Pilani",India,manual_headquarters_mapping,requires_per_organization_citation,,"Country represents organization headquarters, not learner location."
Blue Prism,United Kingdom,manual_headquarters_mapping,requires_per_organization_citation,,"Country represents organization headquarters, not learner location."
Board Infinity,India,manual_headquarters_mapping,requires_per_organization_citation,,"Country represents organization headquarters, not learner location."
Brightline Initiative,United States,manual_headquarters_mapping,requires_per_organization_citation,,"Country represents organization headquarters, not learner location."
CVS Health,United States,manual_headquarters_mapping,requires_per_organization_citation,,"Country represents organization headquarters, not learner location."
California Institute of the Arts,United States,manual_headquarters_mapping,requires_per_organization_citation,,"Country represents organization headquarters, not learner location."
Caltech,United States,manual_headquarters_mapping,requires_per_organization_citation,,"Country represents organization headquarters, not learner location."
Campus BBVA,Spain,manual_headquarters_mapping,requires_per_organization_citation,,"Country represents organization headquarters, not learner location."
Capitals Coalition,Netherlands,manual_headquarters_mapping,requires_per_organization_citation,,"Country represents organization headquarters, not learner location."
Carnegie Mellon University,United States,manual_headquarters_mapping,requires_per_organization_citation,,"Country represents organization headquarters, not learner location."
Case Western Reserve University,United States,manual_headquarters_mapping,requires_per_organization_citation,,"Country represents organization headquarters, not learner location."
CertNexus,United States,manual_headquarters_mapping,requires_per_organization_citation,,"Country represents organization headquarters, not learner location."
Check Point Software Technologies Ltd.,Israel,manual_headquarters_mapping,requires_per_organization_citation,,"Country represents organization headquarters, not learner location."
Cisco Learning and Certifications,United States,manual_headquarters_mapping,requires_per_organization_citation,,"Country represents organization headquarters, not learner location."
Cloudera,United States,manual_headquarters_mapping,requires_per_organization_citation,,"Country represents organization headquarters, not learner location."
Codio,United Kingdom,manual_headquarters_mapping,requires_per_organization_citation,,"Country represents organization headquarters, not learner location."
Columbia University,United States,manual_headquarters_mapping,requires_per_organization_citation,,"Country represents organization headquarters, not learner location."
Commonwealth Education Trust,United Kingdom,manual_headquarters_mapping,requires_per_organization_citation,,"Country represents organization headquarters, not learner location."
ConsenSys Academy,United States,manual_headquarters_mapping,requires_per_organization_citation,,"Country represents organization headquarters, not learner location."
Copenhagen Business School,Denmark,manual_headquarters_mapping,requires_per_organization_citation,,"Country represents organization headquarters, not learner location."
Corporate Finance Institute,Canada,manual_headquarters_mapping,requires_per_organization_citation,,"Country represents organization headquarters, not learner location."
Coursera,United States,manual_headquarters_mapping,requires_per_organization_citation,,"Country represents organization headquarters, not learner location."
Coursera Instructor Network,United States,manual_headquarters_mapping,requires_per_organization_citation,,"Country represents organization headquarters, not learner location."
Coursera Project Network,United States,manual_headquarters_mapping,requires_per_organization_citation,,"Country represents organization headquarters, not learner location."
Curtis Institute of Music,United States,manual_headquarters_mapping,requires_per_organization_citation,,"Country represents organization headquarters, not learner location."
Dartmouth College,United States,manual_headquarters_mapping,requires_per_organization_citation,,"Country represents organization headquarters, not learner location."
Databricks,United States,manual_headquarters_mapping,requires_per_organization_citation,,"Country represents organization headquarters, not learner location."
Deep Teaching Solutions,Canada,manual_headquarters_mapping,requires_per_organization_citation,,"Country represents organization headquarters, not learner location."
DeepLearning.AI,United States,manual_headquarters_mapping,requires_per_organization_citation,,"Country represents organization headquarters, not learner location."
Dell,United States,manual_headquarters_mapping,requires_per_organization_citation,,"Country represents organization headquarters, not learner location."
Digital Marketing Institute,Ireland,manual_headquarters_mapping,requires_per_organization_citation,,"Country represents organization headquarters, not learner location."
Duke University,United States,manual_headquarters_mapping,requires_per_organization_citation,,"Country represents organization headquarters, not learner location."
EC-Council,United States,manual_headquarters_mapping,requires_per_organization_citation,,"Country represents organization headquarters, not learner location."
EDHEC Business School,France,manual_headquarters_mapping,requires_per_organization_citation,,"Country represents organization headquarters, not learner location."
EDUCBA,India,manual_headquarters_mapping,requires_per_organization_citation,,"Country represents organization headquarters, not learner location."
EIT Digital,Belgium,manual_headquarters_mapping,requires_per_organization_citation,,"Country represents organization headquarters, not learner location."
ESCP Business School,France,manual_headquarters_mapping,requires_per_organization_citation,,"Country represents organization headquarters, not learner location."
ESSEC Business School,France,manual_headquarters_mapping,requires_per_organization_citation,,"Country represents organization headquarters, not learner location."
Edge Impulse,United States,manual_headquarters_mapping,requires_per_organization_citation,,"Country represents organization headquarters, not learner location."
Edureka,India,manual_headquarters_mapping,requires_per_organization_citation,,"Country represents organization headquarters, not learner location."
Eindhoven University of Technology,Netherlands,manual_headquarters_mapping,requires_per_organization_citation,,"Country represents organization headquarters, not learner location."
Emory University,United States,manual_headquarters_mapping,requires_per_organization_citation,,"Country represents organization headquarters, not learner location."
Enviolo,Netherlands,manual_headquarters_mapping,requires_per_organization_citation,,"Country represents organization headquarters, not learner location."
Epic Games,United States,manual_headquarters_mapping,requires_per_organization_citation,,"Country represents organization headquarters, not learner location."
Erasmus University Rotterdam,Netherlands,manual_headquarters_mapping,requires_per_organization_citation,,"Country represents organization headquarters, not learner location."
Exploratorium,United States,manual_headquarters_mapping,requires_per_organization_citation,,"Country represents organization headquarters, not learner location."
FAIR Institute,United States,manual_headquarters_mapping,requires_per_organization_citation,,"Country represents organization headquarters, not learner location."
"Fortinet, Inc.",United States,manual_headquarters_mapping,requires_per_organization_citation,,"Country represents organization headquarters, not learner location."
Fractal Analytics,United States,manual_headquarters_mapping,requires_per_organization_citation,,"Country represents organization headquarters, not learner location."
Fred Hutchinson Cancer Center,United States,manual_headquarters_mapping,requires_per_organization_citation,,"Country represents organization headquarters, not learner location."
Fundação Instituto de Administração,Brazil,manual_headquarters_mapping,requires_per_organization_citation,,"Country represents organization headquarters, not learner location."
GRAMMY GO,United States,manual_headquarters_mapping,requires_per_organization_citation,,"Country represents organization headquarters, not learner location."
Genentech,United States,manual_headquarters_mapping,requires_per_organization_citation,,"Country represents organization headquarters, not learner location."
Georgia Institute of Technology,United States,manual_headquarters_mapping,requires_per_organization_citation,,"Country represents organization headquarters, not learner location."
GitLab,United States,manual_headquarters_mapping,requires_per_organization_citation,,"Country represents organization headquarters, not learner location."
Goodwill Industries International,United States,manual_headquarters_mapping,requires_per_organization_citation,,"Country represents organization headquarters, not learner location."
Google,United States,manual_headquarters_mapping,requires_per_organization_citation,,"Country represents organization headquarters, not learner location."
Google - Spectrum Sharing,United States,manual_headquarters_mapping,requires_per_organization_citation,,"Country represents organization headquarters, not learner location."
Google AR & VR,United States,manual_headquarters_mapping,requires_per_organization_citation,,"Country represents organization headquarters, not learner location."
Google Cloud,United States,manual_headquarters_mapping,requires_per_organization_citation,,"Country represents organization headquarters, not learner location."
HEC Paris,France,manual_headquarters_mapping,requires_per_organization_citation,,"Country represents organization headquarters, not learner location."
HPE Aruba Networking,United States,manual_headquarters_mapping,requires_per_organization_citation,,"Country represents organization headquarters, not learner location."
HRCI,United States,manual_headquarters_mapping,requires_per_organization_citation,,"Country represents organization headquarters, not learner location."
Hebrew University of Jerusalem,Israel,manual_headquarters_mapping,requires_per_organization_citation,,"Country represents organization headquarters, not learner location."
High Tech High Graduate School of Education,United States,manual_headquarters_mapping,requires_per_organization_citation,,"Country represents organization headquarters, not learner location."
Howard University,United States,manual_headquarters_mapping,requires_per_organization_citation,,"Country represents organization headquarters, not learner location."
HubSpot Academy,United States,manual_headquarters_mapping,requires_per_organization_citation,,"Country represents organization headquarters, not learner location."
IBM,United States,manual_headquarters_mapping,requires_per_organization_citation,,"Country represents organization headquarters, not learner location."
IE Business School,Spain,manual_headquarters_mapping,requires_per_organization_citation,,"Country represents organization headquarters, not learner location."
IESE Business School,Spain,manual_headquarters_mapping,requires_per_organization_citation,,"Country represents organization headquarters, not learner location."
IIMA - IIM Ahmedabad,India,manual_headquarters_mapping,requires_per_organization_citation,,"Country represents organization headquarters, not learner location."
IIT Bombay,India,manual_headquarters_mapping,requires_per_organization_citation,,"Country represents organization headquarters, not learner location."
IIT Roorkee,India,manual_headquarters_mapping,requires_per_organization_citation,,"Country represents organization headquarters, not learner location."
IMD - International Institute for Management Development,Switzerland,manual_headquarters_mapping,requires_per_organization_citation,,"Country represents organization headquarters, not learner location."
INSEAD,France,manual_headquarters_mapping,requires_per_organization_citation,,"Country represents organization headquarters, not learner location."
ISACA,United States,manual_headquarters_mapping,requires_per_organization_citation,,"Country represents organization headquarters, not learner location."
ISAE-SUPAERO,France,manual_headquarters_mapping,requires_per_organization_citation,,"Country represents organization headquarters, not learner location."
ISC2,United States,manual_headquarters_mapping,requires_per_organization_citation,,"Country represents organization headquarters, not learner location."
Icahn School of Medicine at Mount Sinai,United States,manual_headquarters_mapping,requires_per_organization_citation,,"Country represents organization headquarters, not learner location."
Illinois Tech,United States,manual_headquarters_mapping,requires_per_organization_citation,,"Country represents organization headquarters, not learner location."
Imperial College London,United Kingdom,manual_headquarters_mapping,requires_per_organization_citation,,"Country represents organization headquarters, not learner location."
Indian Institute for Human Settlements,India,manual_headquarters_mapping,requires_per_organization_citation,,"Country represents organization headquarters, not learner location."
Indian Institute of Science,India,manual_headquarters_mapping,requires_per_organization_citation,,"Country represents organization headquarters, not learner location."
Indian Institute of Technology Guwahati,India,manual_headquarters_mapping,requires_per_organization_citation,,"Country represents organization headquarters, not learner location."
Indian School of Business,India,manual_headquarters_mapping,requires_per_organization_citation,,"Country represents organization headquarters, not learner location."
Infosec,United States,manual_headquarters_mapping,requires_per_organization_citation,,"Country represents organization headquarters, not learner location."
Institut Mines-Télécom,France,manual_headquarters_mapping,requires_per_organization_citation,,"Country represents organization headquarters, not learner location."
Institute for the Future,United States,manual_headquarters_mapping,requires_per_organization_citation,,"Country represents organization headquarters, not learner location."
Intel,United States,manual_headquarters_mapping,requires_per_organization_citation,,"Country represents organization headquarters, not learner location."
Interactive Brokers,United States,manual_headquarters_mapping,requires_per_organization_citation,,"Country represents organization headquarters, not learner location."
Intuit,United States,manual_headquarters_mapping,requires_per_organization_citation,,"Country represents organization headquarters, not learner location."
JetBrains,Czech Republic,manual_headquarters_mapping,requires_per_organization_citation,,"Country represents organization headquarters, not learner location."
Johns Hopkins University,United States,manual_headquarters_mapping,requires_per_organization_citation,,"Country represents organization headquarters, not learner location."
Juniper Networks,United States,manual_headquarters_mapping,requires_per_organization_citation,,"Country represents organization headquarters, not learner location."
Karlsruhe Institute of Technology,Germany,manual_headquarters_mapping,requires_per_organization_citation,,"Country represents organization headquarters, not learner location."
Keller Williams,United States,manual_headquarters_mapping,requires_per_organization_citation,,"Country represents organization headquarters, not learner location."
Kennesaw State University,United States,manual_headquarters_mapping,requires_per_organization_citation,,"Country represents organization headquarters, not learner location."
Khalifa University,United Arab Emirates,manual_headquarters_mapping,requires_per_organization_citation,,"Country represents organization headquarters, not learner location."
King Abdullah University of Science and Technology,Saudi Arabia,manual_headquarters_mapping,requires_per_organization_citation,,"Country represents organization headquarters, not learner location."
Knowledge Accelerators,United States,manual_headquarters_mapping,requires_per_organization_citation,,"Country represents organization headquarters, not learner location."
KodeKloud,India,manual_headquarters_mapping,requires_per_organization_citation,,"Country represents organization headquarters, not learner location."
Korea Advanced Institute of Science and Technology(KAIST),South Korea,manual_headquarters_mapping,requires_per_organization_citation,,"Country represents organization headquarters, not learner location."
L&T EduTech,India,manual_headquarters_mapping,requires_per_organization_citation,,"Country represents organization headquarters, not learner location."
LearnKartS,India,manual_headquarters_mapping,requires_per_organization_citation,,"Country represents organization headquarters, not learner location."
LearnQuest,United States,manual_headquarters_mapping,requires_per_organization_citation,,"Country represents organization headquarters, not learner location."
Liberty Mutual Insurance,United States,manual_headquarters_mapping,requires_per_organization_citation,,"Country represents organization headquarters, not learner location."
London Business School,United Kingdom,manual_headquarters_mapping,requires_per_organization_citation,,"Country represents organization headquarters, not learner location."
Ludwig-Maximilians-Universität München (LMU),Germany,manual_headquarters_mapping,requires_per_organization_citation,,"Country represents organization headquarters, not learner location."
Lund University,Sweden,manual_headquarters_mapping,requires_per_organization_citation,,"Country represents organization headquarters, not learner location."
Macquarie University,Australia,manual_headquarters_mapping,requires_per_organization_citation,,"Country represents organization headquarters, not learner location."
MathWorks,United States,manual_headquarters_mapping,requires_per_organization_citation,,"Country represents organization headquarters, not learner location."
McMaster University,Canada,manual_headquarters_mapping,requires_per_organization_citation,,"Country represents organization headquarters, not learner location."
Measure What Matters,United States,manual_headquarters_mapping,requires_per_organization_citation,,"Country represents organization headquarters, not learner location."
MedCerts,United States,manual_headquarters_mapping,requires_per_organization_citation,,"Country represents organization headquarters, not learner location."
Meta,United States,manual_headquarters_mapping,requires_per_organization_citation,,"Country represents organization headquarters, not learner location."
Michigan State University,United States,manual_headquarters_mapping,requires_per_organization_citation,,"Country represents organization headquarters, not learner location."
Microsoft,United States,manual_headquarters_mapping,requires_per_organization_citation,,"Country represents organization headquarters, not learner location."
Moderna,United States,manual_headquarters_mapping,requires_per_organization_citation,,"Country represents organization headquarters, not learner location."
MongoDB Inc.,United States,manual_headquarters_mapping,requires_per_organization_citation,,"Country represents organization headquarters, not learner location."
Morehouse College,United States,manual_headquarters_mapping,requires_per_organization_citation,,"Country represents organization headquarters, not learner location."
NIIT,India,manual_headquarters_mapping,requires_per_organization_citation,,"Country represents organization headquarters, not learner location."
NVIDIA,United States,manual_headquarters_mapping,requires_per_organization_citation,,"Country represents organization headquarters, not learner location."
Nanjing University,China,manual_headquarters_mapping,requires_per_organization_citation,,"Country represents organization headquarters, not learner location."
"Nanyang Technological University, Singapore",Singapore,manual_headquarters_mapping,requires_per_organization_citation,,"Country represents organization headquarters, not learner location."
National Academy of Sports Medicine,United States,manual_headquarters_mapping,requires_per_organization_citation,,"Country represents organization headquarters, not learner location."
National Taiwan University,Taiwan,manual_headquarters_mapping,requires_per_organization_citation,,"Country represents organization headquarters, not learner location."
National University of Singapore,Singapore,manual_headquarters_mapping,requires_per_organization_citation,,"Country represents organization headquarters, not learner location."
New Teacher Center,United States,manual_headquarters_mapping,requires_per_organization_citation,,"Country represents organization headquarters, not learner location."
New York Institute of Finance,United States,manual_headquarters_mapping,requires_per_organization_citation,,"Country represents organization headquarters, not learner location."
New York University,United States,manual_headquarters_mapping,requires_per_organization_citation,,"Country represents organization headquarters, not learner location."
Northeastern University,United States,manual_headquarters_mapping,requires_per_organization_citation,,"Country represents organization headquarters, not learner location."
Northwestern University,United States,manual_headquarters_mapping,requires_per_organization_citation,,"Country represents organization headquarters, not learner location."
Novartis,Switzerland,manual_headquarters_mapping,requires_per_organization_citation,,"Country represents organization headquarters, not learner location."
O.P. Jindal Global University,India,manual_headquarters_mapping,requires_per_organization_citation,,"Country represents organization headquarters, not learner location."
Olay,United States,manual_headquarters_mapping,requires_per_organization_citation,,"Country represents organization headquarters, not learner location."
Oracle,United States,manual_headquarters_mapping,requires_per_organization_citation,,"Country represents organization headquarters, not learner location."
Organization not found,,manual_headquarters_mapping,requires_per_organization_citation,,"Country represents organization headquarters, not learner location."
Osmosis,United States,manual_headquarters_mapping,requires_per_organization_citation,,"Country represents organization headquarters, not learner location."
Packt,United Kingdom,manual_headquarters_mapping,requires_per_organization_citation,,"Country represents organization headquarters, not learner location."
Palo Alto Networks,United States,manual_headquarters_mapping,requires_per_organization_citation,,"Country represents organization headquarters, not learner location."
"Parsons School of Design, The New School",United States,manual_headquarters_mapping,requires_per_organization_citation,,"Country represents organization headquarters, not learner location."
Peking University,China,manual_headquarters_mapping,requires_per_organization_citation,,"Country represents organization headquarters, not learner location."
PepsiCo,United States,manual_headquarters_mapping,requires_per_organization_citation,,"Country represents organization headquarters, not learner location."
Pohang University of Science and Technology(POSTECH),South Korea,manual_headquarters_mapping,requires_per_organization_citation,,"Country represents organization headquarters, not learner location."
Politecnico di Milano,Italy,manual_headquarters_mapping,requires_per_organization_citation,,"Country represents organization headquarters, not learner location."
Pontificia Universidad Católica de Chile,Chile,manual_headquarters_mapping,requires_per_organization_citation,,"Country represents organization headquarters, not learner location."
Princeton University,United States,manual_headquarters_mapping,requires_per_organization_citation,,"Country represents organization headquarters, not learner location."
PwC,United Kingdom,manual_headquarters_mapping,requires_per_organization_citation,,"Country represents organization headquarters, not learner location."
PwC India,India,manual_headquarters_mapping,requires_per_organization_citation,,"Country represents organization headquarters, not learner location."
Qualcomm Academy,United States,manual_headquarters_mapping,requires_per_organization_citation,,"Country represents organization headquarters, not learner location."
Queen Mary University of London,United Kingdom,manual_headquarters_mapping,requires_per_organization_citation,,"Country represents organization headquarters, not learner location."
ROI Training,United States,manual_headquarters_mapping,requires_per_organization_citation,,"Country represents organization headquarters, not learner location."
Red Hat,United States,manual_headquarters_mapping,requires_per_organization_citation,,"Country represents organization headquarters, not learner location."
Relay Graduate School of Education,United States,manual_headquarters_mapping,requires_per_organization_citation,,"Country represents organization headquarters, not learner location."
Rice University,United States,manual_headquarters_mapping,requires_per_organization_citation,,"Country represents organization headquarters, not learner location."
"Royal Holloway, University of London",United Kingdom,manual_headquarters_mapping,requires_per_organization_citation,,"Country represents organization headquarters, not learner location."
Rutgers the State University of New Jersey,United States,manual_headquarters_mapping,requires_per_organization_citation,,"Country represents organization headquarters, not learner location."
S.P. Jain Institute of Management and Research,India,manual_headquarters_mapping,requires_per_organization_citation,,"Country represents organization headquarters, not learner location."
SAE Institute México,Mexico,manual_headquarters_mapping,requires_per_organization_citation,,"Country represents organization headquarters, not learner location."
SAP,Germany,manual_headquarters_mapping,requires_per_organization_citation,,"Country represents organization headquarters, not learner location."
SAS,United States,manual_headquarters_mapping,requires_per_organization_citation,,"Country represents organization headquarters, not learner location."
Salesforce,United States,manual_headquarters_mapping,requires_per_organization_citation,,"Country represents organization headquarters, not learner location."
Samsung,South Korea,manual_headquarters_mapping,requires_per_organization_citation,,"Country represents organization headquarters, not learner location."
Sapienza University of Rome,Italy,manual_headquarters_mapping,requires_per_organization_citation,,"Country represents organization headquarters, not learner location."
Sciences Po,France,manual_headquarters_mapping,requires_per_organization_citation,,"Country represents organization headquarters, not learner location."
Scrimba,Norway,manual_headquarters_mapping,requires_per_organization_citation,,"Country represents organization headquarters, not learner location."
Shanghai Jiao Tong University,China,manual_headquarters_mapping,requires_per_organization_citation,,"Country represents organization headquarters, not learner location."
Siemens,Germany,manual_headquarters_mapping,requires_per_organization_citation,,"Country represents organization headquarters, not learner location."
SkillUp EdTech,India,manual_headquarters_mapping,requires_per_organization_citation,,"Country represents organization headquarters, not learner location."
Snowflake,United States,manual_headquarters_mapping,requires_per_organization_citation,,"Country represents organization headquarters, not learner location."
SoFi,United States,manual_headquarters_mapping,requires_per_organization_citation,,"Country represents organization headquarters, not learner location."
Splunk Inc.,United States,manual_headquarters_mapping,requires_per_organization_citation,,"Country represents organization headquarters, not learner location."
Stanford University,United States,manual_headquarters_mapping,requires_per_organization_citation,,"Country represents organization headquarters, not learner location."
Starweaver,United States,manual_headquarters_mapping,requires_per_organization_citation,,"Country represents organization headquarters, not learner location."
Sungkyunkwan University,South Korea,manual_headquarters_mapping,requires_per_organization_citation,,"Country represents organization headquarters, not learner location."
Tableau Learning Partner,United States,manual_headquarters_mapping,requires_per_organization_citation,,"Country represents organization headquarters, not learner location."
Talend,France,manual_headquarters_mapping,requires_per_organization_citation,,"Country represents organization headquarters, not learner location."
Tally Education and Distribution Services Private Limited,India,manual_headquarters_mapping,requires_per_organization_citation,,"Country represents organization headquarters, not learner location."
Technical University of Denmark (DTU),Denmark,manual_headquarters_mapping,requires_per_organization_citation,,"Country represents organization headquarters, not learner location."
Technical University of Munich (TUM),Germany,manual_headquarters_mapping,requires_per_organization_citation,,"Country represents organization headquarters, not learner location."
Technion - Israel Institute of Technology,Israel,manual_headquarters_mapping,requires_per_organization_citation,,"Country represents organization headquarters, not learner location."
Tecnológico de Monterrey,Mexico,manual_headquarters_mapping,requires_per_organization_citation,,"Country represents organization headquarters, not learner location."
Tel Aviv University,Israel,manual_headquarters_mapping,requires_per_organization_citation,,"Country represents organization headquarters, not learner location."
Tencent Cloud,China,manual_headquarters_mapping,requires_per_organization_citation,,"Country represents organization headquarters, not learner location."
The Chinese University of Hong Kong,Hong Kong,manual_headquarters_mapping,requires_per_organization_citation,,"Country represents organization headquarters, not learner location."
The George Washington University,United States,manual_headquarters_mapping,requires_per_organization_citation,,"Country represents organization headquarters, not learner location."
The Hong Kong University of Science and Technology,Hong Kong,manual_headquarters_mapping,requires_per_organization_citation,,"Country represents organization headquarters, not learner location."
The Linux Foundation,United States,manual_headquarters_mapping,requires_per_organization_citation,,"Country represents organization headquarters, not learner location."
The Museum of Modern Art,United States,manual_headquarters_mapping,requires_per_organization_citation,,"Country represents organization headquarters, not learner location."
The Pennsylvania State University,United States,manual_headquarters_mapping,requires_per_organization_citation,,"Country represents organization headquarters, not learner location."
The State University of New York,United States,manual_headquarters_mapping,requires_per_organization_citation,,"Country represents organization headquarters, not learner location."
The University of Chicago,United States,manual_headquarters_mapping,requires_per_organization_citation,,"Country represents organization headquarters, not learner location."
The University of Edinburgh,United Kingdom,manual_headquarters_mapping,requires_per_organization_citation,,"Country represents organization headquarters, not learner location."
The University of Hong Kong,Hong Kong,manual_headquarters_mapping,requires_per_organization_citation,,"Country represents organization headquarters, not learner location."
The University of Melbourne,Australia,manual_headquarters_mapping,requires_per_organization_citation,,"Country represents organization headquarters, not learner location."
The University of North Carolina at Chapel Hill,United States,manual_headquarters_mapping,requires_per_organization_citation,,"Country represents organization headquarters, not learner location."
The University of Notre Dame,United States,manual_headquarters_mapping,requires_per_organization_citation,,"Country represents organization headquarters, not learner location."
The University of Sydney,Australia,manual_headquarters_mapping,requires_per_organization_citation,,"Country represents organization headquarters, not learner location."
The University of Tokyo,Japan,manual_headquarters_mapping,requires_per_organization_citation,,"Country represents organization headquarters, not learner location."
The World Bank Group,United States,manual_headquarters_mapping,requires_per_organization_citation,,"Country represents organization headquarters, not learner location."
Tinder,United States,manual_headquarters_mapping,requires_per_organization_citation,,"Country represents organization headquarters, not learner location."
Tsinghua University,China,manual_headquarters_mapping,requires_per_organization_citation,,"Country represents organization headquarters, not learner location."
Tufts University,United States,manual_headquarters_mapping,requires_per_organization_citation,,"Country represents organization headquarters, not learner location."
UNSW Sydney (The University of New South Wales),Australia,manual_headquarters_mapping,requires_per_organization_citation,,"Country represents organization headquarters, not learner location."
USO,United States,manual_headquarters_mapping,requires_per_organization_citation,,"Country represents organization headquarters, not learner location."
UiPath,United States,manual_headquarters_mapping,requires_per_organization_citation,,"Country represents organization headquarters, not learner location."
Unilever,United Kingdom,manual_headquarters_mapping,requires_per_organization_citation,,"Country represents organization headquarters, not learner location."
United Cities and Local Governments of Africa,Morocco,manual_headquarters_mapping,requires_per_organization_citation,,"Country represents organization headquarters, not learner location."
Universidad Austral,Argentina,manual_headquarters_mapping,requires_per_organization_citation,,"Country represents organization headquarters, not learner location."
Universidad Autónoma Metropolitana,Mexico,manual_headquarters_mapping,requires_per_organization_citation,,"Country represents organization headquarters, not learner location."
Universidad Nacional Autónoma de México,Mexico,manual_headquarters_mapping,requires_per_organization_citation,,"Country represents organization headquarters, not learner location."
Universidad Peruana de Ciencias Aplicadas,Peru,manual_headquarters_mapping,requires_per_organization_citation,,"Country represents organization headquarters, not learner location."
Universidad de Palermo,Argentina,manual_headquarters_mapping,requires_per_organization_citation,,"Country represents organization headquarters, not learner location."
Universidad de los Andes,Colombia,manual_headquarters_mapping,requires_per_organization_citation,,"Country represents organization headquarters, not learner location."
Universidade de São Paulo,Brazil,manual_headquarters_mapping,requires_per_organization_citation,,"Country represents organization headquarters, not learner location."
Universitat Autònoma de Barcelona,Spain,manual_headquarters_mapping,requires_per_organization_citation,,"Country represents organization headquarters, not learner location."
Universitat de Barcelona,Spain,manual_headquarters_mapping,requires_per_organization_citation,,"Country represents organization headquarters, not learner location."
Universiteit Leiden,Netherlands,manual_headquarters_mapping,requires_per_organization_citation,,"Country represents organization headquarters, not learner location."
University at Buffalo,United States,manual_headquarters_mapping,requires_per_organization_citation,,"Country represents organization headquarters, not learner location."
University of Alberta,Canada,manual_headquarters_mapping,requires_per_organization_citation,,"Country represents organization headquarters, not learner location."
University of Amsterdam,Netherlands,manual_headquarters_mapping,requires_per_organization_citation,,"Country represents organization headquarters, not learner location."
University of Arizona,United States,manual_headquarters_mapping,requires_per_organization_citation,,"Country represents organization headquarters, not learner location."
University of California San Diego,United States,manual_headquarters_mapping,requires_per_organization_citation,,"Country represents organization headquarters, not learner location."
"University of California, Berkeley",United States,manual_headquarters_mapping,requires_per_organization_citation,,"Country represents organization headquarters, not learner location."
"University of California, Davis",United States,manual_headquarters_mapping,requires_per_organization_citation,,"Country represents organization headquarters, not learner location."
"University of California, Irvine",United States,manual_headquarters_mapping,requires_per_organization_citation,,"Country represents organization headquarters, not learner location."
"University of California, Santa Cruz",United States,manual_headquarters_mapping,requires_per_organization_citation,,"Country represents organization headquarters, not learner location."
University of Cape Town,South Africa,manual_headquarters_mapping,requires_per_organization_citation,,"Country represents organization headquarters, not learner location."
University of Colorado Boulder,United States,manual_headquarters_mapping,requires_per_organization_citation,,"Country represents organization headquarters, not learner location."
University of Colorado System,United States,manual_headquarters_mapping,requires_per_organization_citation,,"Country represents organization headquarters, not learner location."
University of Copenhagen,Denmark,manual_headquarters_mapping,requires_per_organization_citation,,"Country represents organization headquarters, not learner location."
University of Florida,United States,manual_headquarters_mapping,requires_per_organization_citation,,"Country represents organization headquarters, not learner location."
University of Geneva,Switzerland,manual_headquarters_mapping,requires_per_organization_citation,,"Country represents organization headquarters, not learner location."
University of Glasgow,United Kingdom,manual_headquarters_mapping,requires_per_organization_citation,,"Country represents organization headquarters, not learner location."
University of Houston,United States,manual_headquarters_mapping,requires_per_organization_citation,,"Country represents organization headquarters, not learner location."
University of Illinois Urbana-Champaign,United States,manual_headquarters_mapping,requires_per_organization_citation,,"Country represents organization headquarters, not learner location."
University of Kentucky,United States,manual_headquarters_mapping,requires_per_organization_citation,,"Country represents organization headquarters, not learner location."
University of Lausanne,Switzerland,manual_headquarters_mapping,requires_per_organization_citation,,"Country represents organization headquarters, not learner location."
University of Leeds,United Kingdom,manual_headquarters_mapping,requires_per_organization_citation,,"Country represents organization headquarters, not learner location."
University of London,United Kingdom,manual_headquarters_mapping,requires_per_organization_citation,,"Country represents organization headquarters, not learner location."
University of Manchester,United Kingdom,manual_headquarters_mapping,requires_per_organization_citation,,"Country represents organization headquarters, not learner location."
"University of Maryland, College Park",United States,manual_headquarters_mapping,requires_per_organization_citation,,"Country represents organization headquarters, not learner location."
University of Michigan,United States,manual_headquarters_mapping,requires_per_organization_citation,,"Country represents organization headquarters, not learner location."
University of Minnesota,United States,manual_headquarters_mapping,requires_per_organization_citation,,"Country represents organization headquarters, not learner location."
University of Nebraska,United States,manual_headquarters_mapping,requires_per_organization_citation,,"Country represents organization headquarters, not learner location."
University of New Mexico,United States,manual_headquarters_mapping,requires_per_organization_citation,,"Country represents organization headquarters, not learner location."
University of North Texas,United States,manual_headquarters_mapping,requires_per_organization_citation,,"Country represents organization headquarters, not learner location."
University of Pennsylvania,United States,manual_headquarters_mapping,requires_per_organization_citation,,"Country represents organization headquarters, not learner location."
University of Pittsburgh,United States,manual_headquarters_mapping,requires_per_organization_citation,,"Country represents organization headquarters, not learner location."
University of Rochester,United States,manual_headquarters_mapping,requires_per_organization_citation,,"Country represents organization headquarters, not learner location."
University of Toronto,Canada,manual_headquarters_mapping,requires_per_organization_citation,,"Country represents organization headquarters, not learner location."
University of Virginia,United States,manual_headquarters_mapping,requires_per_organization_citation,,"Country represents organization headquarters, not learner location."
University of Virginia Darden School Foundation,United States,manual_headquarters_mapping,requires_per_organization_citation,,"Country represents organization headquarters, not learner location."
University of Washington,United States,manual_headquarters_mapping,requires_per_organization_citation,,"Country represents organization headquarters, not learner location."
University of Western Australia,Australia,manual_headquarters_mapping,requires_per_organization_citation,,"Country represents organization headquarters, not learner location."
University of Zurich,Switzerland,manual_headquarters_mapping,requires_per_organization_citation,,"Country represents organization headquarters, not learner location."
Università Bocconi,Italy,manual_headquarters_mapping,requires_per_organization_citation,,"Country represents organization headquarters, not learner location."
Università di Napoli Federico II,Italy,manual_headquarters_mapping,requires_per_organization_citation,,"Country represents organization headquarters, not learner location."
Utrecht University,Netherlands,manual_headquarters_mapping,requires_per_organization_citation,,"Country represents organization headquarters, not learner location."
VMware,United States,manual_headquarters_mapping,requires_per_organization_citation,,"Country represents organization headquarters, not learner location."
Vanderbilt University,United States,manual_headquarters_mapping,requires_per_organization_citation,,"Country represents organization headquarters, not learner location."
Voxy,United States,manual_headquarters_mapping,requires_per_organization_citation,,"Country represents organization headquarters, not learner location."
Wesleyan University,United States,manual_headquarters_mapping,requires_per_organization_citation,,"Country represents organization headquarters, not learner location."
West Virginia University,United States,manual_headquarters_mapping,requires_per_organization_citation,,"Country represents organization headquarters, not learner location."
Whizlabs,India,manual_headquarters_mapping,requires_per_organization_citation,,"Country represents organization headquarters, not learner location."
Workday,United States,manual_headquarters_mapping,requires_per_organization_citation,,"Country represents organization headquarters, not learner location."
Xi'an Jiaotong University,China,manual_headquarters_mapping,requires_per_organization_citation,,"Country represents organization headquarters, not learner location."
Yad Vashem,Israel,manual_headquarters_mapping,requires_per_organization_citation,,"Country represents organization headquarters, not learner location."
Yale University,United States,manual_headquarters_mapping,requires_per_organization_citation,,"Country represents organization headquarters, not learner location."
Yeshiva University,United States,manual_headquarters_mapping,requires_per_organization_citation,,"Country represents organization headquarters, not learner location."
Yonsei University,South Korea,manual_headquarters_mapping,requires_per_organization_citation,,"Country represents organization headquarters, not learner location."
École Polytechnique,France,manual_headquarters_mapping,requires_per_organization_citation,,"Country represents organization headquarters, not learner location."
École Polytechnique Fédérale de Lausanne,Switzerland,manual_headquarters_mapping,requires_per_organization_citation,,"Country represents organization headquarters, not learner location."
École des Ponts ParisTech,France,manual_headquarters_mapping,requires_per_organization_citation,,"Country represents organization headquarters, not learner location."
École normale supérieure,France,manual_headquarters_mapping,requires_per_organization_citation,,"Country represents organization headquarters, not learner location."
