Variable,Count,Missing_Percentage,Mean,Median,Std,Min,Q1,Q3,P95,P99,Max,Skewness
enrolled_num,4887,26.455981941309254,59507.184162062615,16339.0,178909.96669773755,1500.0,5504.0,48687.5,222490.49999999994,691111.9400000062,4780567.0,11.729736316888099
rating_num,5209,21.610233258088787,4.624131311192167,4.7,0.25431630816244954,3.0,4.6,4.8,4.9,5.0,5.0,-2.1719111614705584
num_reviews,5253,20.94808126410835,1631.3005901389681,199.0,8235.71009964911,1.0,45.0,853.0,5666.199999999997,23192.799999999886,229371.0,15.826856090088501
satisfaction_rate_num,2198,66.92249811888638,95.51910828025478,97.0,3.4909791709845823,62.0,94.0,98.0,99.0,99.0,100.0,-2.657361884420022
hours_to_complete,4757,28.412340105342366,25.1611698549506,13.0,35.76527277988389,1.0,7.0,27.0,86.89999999999999,173.79999999999998,521.4,4.152859274142023
duration_weeks,4448,33.06245297215952,4.242082958633093,3.0,3.784196446091344,3.0,3.0,3.0,13.035,21.725,65.175,5.50428546531613
hours_per_week,4448,33.06245297215952,5.257643884892087,4.0,3.8153566386603335,1.0,2.0,8.0,10.0,18.0,44.0,1.6190472597063383
review_to_enrollment_ratio,4779,28.081264108352144,0.01942261856991906,0.0149603989439718,0.01552722259565215,0.0008374624886593,0.00921909152058655,0.0244475352948212,0.04961459846230345,0.07953486564608686,0.1521996922906485,2.3812032516299273
popularity_score,4778,28.096313017306247,0.7172630957333519,0.7176601186822181,0.1482258867197939,0.3186208307755269,0.592219664415797,0.842097401268672,0.9455287497442193,0.9747268262737874,0.99,-0.05886759176325443
internet_usage_pct,6623,0.33107599699021817,92.91107806130154,97.1299,13.30941525179563,43.4054,97.1299,97.1299,97.1299,98.7756,100.0,-3.330821897871612
